id,first_name,last_name,email,gender,ip_address
1,Lyndsay,De Marchi,ldemarchi0@uol.com.br,Female,27.177.165.159
2,Urban,Chillingworth,uchillingworth1@dion.ne.jp,Male,100.252.119.203
3,Burch,Bundey,bbundey2@comcast.net,Male,128.19.135.11
4,Whitney,Guesford,wguesford3@unblog.fr,Male,237.207.65.251
5,Josy,Kinder,jkinder4@google.ru,Female,103.221.155.252
6,Moreen,Ponter,mponter5@qq.com,Female,157.210.11.59
7,Appolonia,Harniman,aharniman6@storify.com,Female,220.155.237.114
8,Olvan,Dagnan,odagnan7@addtoany.com,Male,63.216.63.95
9,Welby,MacDavitt,wmacdavitt8@google.ca,Male,215.133.229.216
10,Guthrey,MacTrustrie,gmactrustrie9@deliciousdays.com,Male,237.43.116.136
11,Florette,Devenny,fdevennya@spotify.com,Female,28.21.215.107
12,Remington,McMeekan,rmcmeekanb@geocities.com,Male,254.254.149.236
13,Flore,Gamell,fgamellc@meetup.com,Female,171.123.217.116
14,Ringo,Miquelet,rmiqueletd@irs.gov,Male,60.109.43.151
15,Ivar,Pimmocke,ipimmockee@yale.edu,Male,161.87.112.45
16,Linn,Twining,ltwiningf@sciencedirect.com,Female,81.60.121.218
17,Justus,Dakers,jdakersg@usatoday.com,Male,31.121.98.74
18,Crawford,Killner,ckillnerh@xing.com,Male,33.87.98.48
19,Cherrita,Sturley,csturleyi@trellian.com,Female,248.210.87.79
20,Jillana,Giorgio,jgiorgioj@issuu.com,Female,45.226.137.128
21,Giorgio,Belchem,gbelchemk@cnet.com,Male,64.17.180.165
22,Rosa,Attyeo,rattyeol@people.com.cn,Female,143.14.86.243
23,Merwin,Slainey,mslaineym@prlog.org,Male,32.78.223.222
24,Gordy,Drinkhill,gdrinkhilln@meetup.com,Male,39.251.199.143
25,Gilbert,Brotherwood,gbrotherwoodo@dion.ne.jp,Male,178.50.237.53
26,Elena,Stevani,estevanip@jalbum.net,Female,114.101.37.244
27,Karalee,Consadine,kconsadineq@cnbc.com,Female,184.45.197.39
28,Hermine,Gaddas,hgaddasr@cdc.gov,Female,73.218.210.158
29,Lora,Bentzen,lbentzens@cpanel.net,Female,133.219.254.251
30,Wylie,Fenkel,wfenkelt@mayoclinic.com,Male,239.21.157.166
31,Joseito,Copper,jcopperu@geocities.jp,Male,118.97.96.54
32,Gay,Grover,ggroverv@typepad.com,Female,206.228.130.116
33,Sheena,Smithyman,ssmithymanw@rakuten.co.jp,Female,233.103.249.213
34,Marchall,Lind,mlindx@howstuffworks.com,Male,181.196.159.136
35,Uriah,De Carolis,udecarolisy@gizmodo.com,Male,90.15.58.245
36,Mirabel,Blonden,mblondenz@examiner.com,Female,111.152.64.108
37,Ramona,Shenfish,rshenfish10@pagesperso-orange.fr,Female,39.85.37.65
38,Hunt,Sellstrom,hsellstrom11@dot.gov,Male,255.104.119.86
39,Ab,O'Conor,aoconor12@diigo.com,Male,218.74.86.52
40,Mohandas,Arias,marias13@earthlink.net,Male,50.190.142.250
41,Cobb,McCaighey,cmccaighey14@ehow.com,Male,124.137.51.175
42,Winnah,Sokell,wsokell15@xrea.com,Female,108.81.44.48
43,Merissa,Haggarth,mhaggarth16@tripadvisor.com,Female,0.125.31.167
44,Lynnette,Lindsell,llindsell17@wikimedia.org,Female,102.142.61.165
45,Astrid,Kaaskooper,akaaskooper18@wordpress.com,Female,39.101.172.60
46,Jolee,Hathaway,jhathaway19@webs.com,Female,247.215.17.33
47,Marchall,Jirik,mjirik1a@auda.org.au,Male,30.129.107.210
48,Montague,Obey,mobey1b@naver.com,Male,26.190.156.26
49,Obadias,Bartolic,obartolic1c@nhs.uk,Male,137.253.152.60
50,Kasper,Dunmore,kdunmore1d@quantcast.com,Male,185.219.88.85
51,Jocelyn,Farfolomeev,jfarfolomeev1e@123-reg.co.uk,Female,170.248.75.151
52,Angie,Etherington,aetherington1f@loc.gov,Male,139.95.210.3
53,Prinz,Iannini,piannini1g@google.co.uk,Male,29.106.0.97
54,Joshia,Schimann,jschimann1h@github.io,Male,28.111.59.54
55,Mayne,Fellowes,mfellowes1i@spiegel.de,Male,49.162.26.25
56,Sigfried,Riggs,sriggs1j@shop-pro.jp,Male,213.173.156.19
57,Solomon,Molian,smolian1k@wufoo.com,Male,98.96.167.126
58,Carlina,Fullerd,cfullerd1l@guardian.co.uk,Female,7.3.71.207
59,Frasco,South,fsouth1m@spotify.com,Male,235.12.123.14
60,Huey,Carous,hcarous1n@ning.com,Male,223.230.116.102
61,Reade,Farnsworth,rfarnsworth1o@hugedomains.com,Male,107.103.36.186
62,Rosemaria,Sussans,rsussans1p@huffingtonpost.com,Female,78.17.89.73
63,Francois,McGeneay,fmcgeneay1q@toplist.cz,Male,199.68.49.117
64,Stu,Werner,swerner1r@usatoday.com,Male,224.113.32.98
65,Gage,Brommage,gbrommage1s@time.com,Male,95.127.141.254
66,Leonerd,Wheeliker,lwheeliker1t@tinypic.com,Male,163.19.28.58
67,Harmony,Gierth,hgierth1u@ovh.net,Female,187.46.3.108
68,Shalne,Skirlin,sskirlin1v@dailymail.co.uk,Female,247.101.151.17
69,Balduin,Begent,bbegent1w@nifty.com,Male,246.150.101.80
70,Leonora,Pucker,lpucker1x@youtu.be,Female,106.120.192.159
71,Mellisa,Klein,mklein1y@ameblo.jp,Female,207.174.233.174
72,Cad,Benardette,cbenardette1z@ibm.com,Male,142.154.48.239
73,Jehu,Toope,jtoope20@pagesperso-orange.fr,Male,213.242.231.152
74,Hettie,Munslow,hmunslow21@bluehost.com,Female,66.138.66.216
75,Gaspar,Spellessy,gspellessy22@constantcontact.com,Male,64.41.65.22
76,Juanita,Aisman,jaisman23@globo.com,Female,200.197.66.163
77,Farlee,Brunelleschi,fbrunelleschi24@oracle.com,Male,170.110.244.30
78,Toby,Capstick,tcapstick25@ftc.gov,Female,127.178.227.176
79,Lisetta,Dullard,ldullard26@unesco.org,Female,228.65.57.9
80,Robena,Gorden,rgorden27@alibaba.com,Female,151.185.69.97
81,Daron,Iorizzi,diorizzi28@cnet.com,Male,46.41.146.94
82,Lenci,Alvarez,lalvarez29@wikia.com,Male,147.4.196.194
83,Riordan,Showl,rshowl2a@cam.ac.uk,Male,13.132.118.163
84,Patin,Fitzsymon,pfitzsymon2b@so-net.ne.jp,Male,254.251.10.97
85,Alfie,Leaman,aleaman2c@mlb.com,Female,1.220.102.213
86,Ramon,Bogays,rbogays2d@drupal.org,Male,213.12.237.169
87,Bili,Getcliff,bgetcliff2e@epa.gov,Female,112.180.229.190
88,Sean,Camolli,scamolli2f@nasa.gov,Male,36.114.94.207
89,Onfre,Demange,odemange2g@icio.us,Male,184.214.121.135
90,Lou,Seymour,lseymour2h@privacy.gov.au,Female,27.108.61.253
91,Luciana,Blackader,lblackader2i@ucla.edu,Female,10.67.116.144
92,Arlin,Cannaway,acannaway2j@upenn.edu,Male,128.31.251.175
93,Gene,Gooding,ggooding2k@addthis.com,Female,173.196.157.112
94,Jamie,Bensusan,jbensusan2l@virginia.edu,Female,17.158.117.113
95,Hersch,Cregg,hcregg2m@theguardian.com,Male,208.88.148.211
96,Hobard,Bullar,hbullar2n@networkadvertising.org,Male,235.217.206.48
97,Marna,McLagain,mmclagain2o@shutterfly.com,Female,203.179.214.52
98,Robbie,Mayhow,rmayhow2p@behance.net,Male,197.66.107.120
99,Jacynth,Mundell,jmundell2q@cnn.com,Female,121.95.122.226
100,Margie,Mullen,mmullen2r@tuttocitta.it,Female,149.63.136.195
101,Shawna,Sperling,ssperling2s@prlog.org,Female,128.203.97.155
102,Stacy,Esherwood,sesherwood2t@noaa.gov,Male,192.175.34.176
103,Caldwell,Bilbrook,cbilbrook2u@ibm.com,Male,247.55.249.184
104,Lucina,Kiwitz,lkiwitz2v@army.mil,Female,86.136.198.13
105,Sunny,Dutt,sdutt2w@webmd.com,Male,254.66.208.247
106,Rees,Gouda,rgouda2x@delicious.com,Male,109.133.104.185
107,Lissy,Strettle,lstrettle2y@slideshare.net,Female,129.4.110.157
108,Dehlia,Tollerton,dtollerton2z@linkedin.com,Female,2.28.151.223
109,Maribelle,O'Nion,monion30@canalblog.com,Female,163.45.216.48
110,Devon,Yanson,dyanson31@google.de,Female,29.161.25.19
111,Maison,Innot,minnot32@google.com,Male,9.11.7.203
112,Stella,Isley,sisley33@51.la,Female,190.125.128.127
113,Berny,Juorio,bjuorio34@newyorker.com,Female,54.243.98.189
114,Cacilia,Wickerson,cwickerson35@admin.ch,Female,177.17.231.157
115,Clarke,Pedroni,cpedroni36@eventbrite.com,Male,244.238.240.192
116,Teddie,Forestall,tforestall37@redcross.org,Male,95.7.252.145
117,Fionnula,Mayoh,fmayoh38@washingtonpost.com,Female,202.23.188.99
118,Guss,Ales,gales39@nymag.com,Male,53.39.151.67
119,Wolfgang,Roderham,wroderham3a@shop-pro.jp,Male,14.122.125.43
120,Costanza,Chapiro,cchapiro3b@slashdot.org,Female,62.182.186.210
121,Milty,Chipman,mchipman3c@amazonaws.com,Male,8.240.138.185
122,Olivier,Gilbride,ogilbride3d@fotki.com,Male,100.146.202.85
123,Richard,Robiou,rrobiou3e@jugem.jp,Male,19.53.98.137
124,Tedie,MacDermid,tmacdermid3f@php.net,Male,233.153.22.57
125,Gerard,Doulden,gdoulden3g@time.com,Male,48.52.168.134
126,Yetty,Liccardi,yliccardi3h@ucsd.edu,Female,221.68.0.109
127,Salvatore,Sowersby,ssowersby3i@last.fm,Male,109.4.205.114
128,Puff,Simmins,psimmins3j@seattletimes.com,Male,125.181.142.180
129,Quinta,O'Bruen,qobruen3k@weibo.com,Female,230.99.41.10
130,Emmeline,Baggot,ebaggot3l@twitpic.com,Female,57.84.168.71
131,Stacee,Ewles,sewles3m@macromedia.com,Male,209.38.63.53
132,Karole,Youens,kyouens3n@edublogs.org,Female,247.73.146.228
133,Siobhan,Di Nisco,sdinisco3o@tumblr.com,Female,248.198.218.205
134,Robby,Farquhar,rfarquhar3p@amazon.de,Male,199.181.3.151
135,Giralda,MacArdle,gmacardle3q@bandcamp.com,Female,211.115.124.162
136,Gael,Sansbury,gsansbury3r@geocities.com,Male,239.62.113.49
137,Selia,Malshinger,smalshinger3s@cargocollective.com,Female,110.171.235.151
138,Cassandre,Antushev,cantushev3t@walmart.com,Female,107.235.35.173
139,Antonius,Donnett,adonnett3u@latimes.com,Male,58.62.192.28
140,Imojean,Malafe,imalafe3v@taobao.com,Female,202.94.219.30
141,Anastassia,Marte,amarte3w@seesaa.net,Female,101.103.242.0
142,Quentin,Bignell,qbignell3x@flavors.me,Male,162.102.160.23
143,Colan,Matisse,cmatisse3y@fotki.com,Male,240.148.222.56
144,Selena,Findlater,sfindlater3z@networkadvertising.org,Female,110.79.158.136
145,Carry,Whybrow,cwhybrow40@addtoany.com,Female,148.163.245.50
146,Tyrone,Conigsby,tconigsby41@yellowbook.com,Male,191.163.4.171
147,Othello,Manshaw,omanshaw42@fastcompany.com,Male,44.209.192.171
148,Kimbra,Petru,kpetru43@house.gov,Female,6.117.177.163
149,Deonne,Perrottet,dperrottet44@photobucket.com,Female,91.214.225.111
150,Engracia,Rubertelli,erubertelli45@telegraph.co.uk,Female,41.211.15.131
151,Aurelie,Gelder,agelder46@chron.com,Female,191.147.110.104
152,Vidovic,Costard,vcostard47@nymag.com,Male,20.177.139.213
153,Frederic,Bolus,fbolus48@trellian.com,Male,134.176.223.178
154,Cyndia,Ebenezer,cebenezer49@sphinn.com,Female,78.230.163.29
155,Ettie,Cescot,ecescot4a@prnewswire.com,Female,121.181.234.216
156,Annadiane,Oldfield-Cherry,aoldfieldcherry4b@forbes.com,Female,19.45.187.94
157,Hastie,Findlay,hfindlay4c@sogou.com,Male,107.72.201.85
158,Chaunce,Royle,croyle4d@mediafire.com,Male,237.162.59.133
159,Kirstin,Greenhaugh,kgreenhaugh4e@reverbnation.com,Female,185.172.247.147
160,Lemuel,Folk,lfolk4f@posterous.com,Male,151.184.230.38
161,Elenore,Gulberg,egulberg4g@yahoo.co.jp,Female,16.206.255.251
162,Erin,Boustred,eboustred4h@scribd.com,Male,112.188.216.179
163,Dickie,Dacca,ddacca4i@bluehost.com,Male,184.25.222.12
164,Normie,Connar,nconnar4j@livejournal.com,Male,124.65.111.63
165,Fiann,Schuler,fschuler4k@auda.org.au,Female,60.187.255.21
166,Mickey,Rediers,mrediers4l@mit.edu,Male,108.213.248.112
167,Trish,Haigh,thaigh4m@digg.com,Female,21.109.128.111
168,Ara,Gowling,agowling4n@joomla.org,Male,59.155.138.210
169,Chevy,Scougall,cscougall4o@webnode.com,Male,129.250.129.170
170,Wait,Ratlee,wratlee4p@jalbum.net,Male,250.68.26.103
171,Hazel,Rigts,hrigts4q@eventbrite.com,Male,238.99.17.137
172,Brandise,Urch,burch4r@apple.com,Female,37.115.1.106
173,Teirtza,Dorgon,tdorgon4s@jugem.jp,Female,175.135.22.97
174,Gare,Kitman,gkitman4t@go.com,Male,165.19.237.4
175,Kellie,Pleven,kpleven4u@skype.com,Female,132.76.225.46
176,Marc,Cassels,mcassels4v@mapquest.com,Male,105.135.251.64
177,Sandy,Strelitz,sstrelitz4w@newsvine.com,Male,48.15.136.210
178,Jacquetta,Volage,jvolage4x@patch.com,Female,99.210.190.250
179,Vally,Walshaw,vwalshaw4y@tumblr.com,Female,160.239.159.239
180,Tibold,Lewer,tlewer4z@nyu.edu,Male,196.34.246.0
181,Estrella,Paskin,epaskin50@list-manage.com,Female,28.17.67.122
182,Eliot,Cruikshanks,ecruikshanks51@ted.com,Male,211.243.114.191
183,Guillermo,Milella,gmilella52@com.com,Male,140.30.169.69
184,Quint,Evason,qevason53@cam.ac.uk,Male,68.235.89.137
185,Correy,Moralis,cmoralis54@indiatimes.com,Male,79.84.149.194
186,Alma,Gentle,agentle55@naver.com,Female,206.208.35.68
187,Ripley,Stuckes,rstuckes56@icq.com,Male,95.154.94.12
188,Fionna,Weeke,fweeke57@sohu.com,Female,88.10.87.119
189,Winn,Dewing,wdewing58@cbc.ca,Male,203.115.221.252
190,Theobald,Attfield,tattfield59@weather.com,Male,63.55.142.143
191,Culver,Quiddinton,cquiddinton5a@ifeng.com,Male,86.69.125.130
192,Goldie,Deans,gdeans5b@fc2.com,Female,21.168.123.126
193,Brad,Bimrose,bbimrose5c@soundcloud.com,Male,95.105.22.127
194,Pen,Piddlesden,ppiddlesden5d@biblegateway.com,Male,186.14.76.29
195,Willy,Lippingwell,wlippingwell5e@vimeo.com,Male,201.211.113.60
196,Arliene,Maciunas,amaciunas5f@google.com.br,Female,124.147.53.251
197,Darrick,D'Andrea,ddandrea5g@quantcast.com,Male,154.54.91.231
198,Nikolaus,Dutt,ndutt5h@edublogs.org,Male,202.160.53.150
199,Caritta,Greenside,cgreenside5i@bbc.co.uk,Female,237.180.109.8
200,Cathe,Renak,crenak5j@studiopress.com,Female,156.82.157.118
201,Bevin,MacCoveney,bmaccoveney5k@irs.gov,Male,191.25.55.174
202,Teodoor,Worsell,tworsell5l@adobe.com,Male,186.216.42.88
203,Welsh,Opdenorth,wopdenorth5m@tmall.com,Male,130.189.111.52
204,Marcelle,Goldfinch,mgoldfinch5n@census.gov,Female,66.46.201.213
205,Nelia,Bleier,nbleier5o@cyberchimps.com,Female,211.225.89.237
206,Wilie,Regnard,wregnard5p@mtv.com,Female,132.51.56.144
207,Dennison,Bonnier,dbonnier5q@youku.com,Male,136.232.241.91
208,Jandy,Ference,jference5r@tinyurl.com,Female,55.201.206.225
209,Aleece,Mathison,amathison5s@skype.com,Female,245.241.45.15
210,Hillier,Searchfield,hsearchfield5t@mozilla.org,Male,30.55.137.167
211,Annamarie,Bosman,abosman5u@independent.co.uk,Female,29.170.233.179
212,Tabby,Heeley,theeley5v@ebay.com,Female,112.62.210.17
213,Amalie,Pettengell,apettengell5w@upenn.edu,Female,220.109.191.174
214,Eileen,Killeley,ekilleley5x@yolasite.com,Female,123.158.222.97
215,Konrad,Mucklow,kmucklow5y@stanford.edu,Male,251.72.103.44
216,Sean,De Antoni,sdeantoni5z@ihg.com,Male,247.223.62.236
217,Troy,Peckham,tpeckham60@tinyurl.com,Male,166.243.71.203
218,Elset,Benley,ebenley61@mashable.com,Female,181.58.36.3
219,Elly,Evamy,eevamy62@jugem.jp,Female,170.145.92.87
220,Jo ann,Moden,jmoden63@unblog.fr,Female,43.185.125.10
221,Gideon,Farney,gfarney64@marriott.com,Male,202.116.222.164
222,Yuri,Oganesian,yoganesian65@google.fr,Male,2.171.75.69
223,Gusta,Clemence,gclemence66@baidu.com,Female,2.142.255.23
224,Nye,Canas,ncanas67@webnode.com,Male,8.235.81.181
225,Donn,Durward,ddurward68@businessweek.com,Male,25.245.4.200
226,Vic,Swinglehurst,vswinglehurst69@vkontakte.ru,Male,196.236.34.99
227,Hildy,Simondson,hsimondson6a@illinois.edu,Female,65.141.166.130
228,Roseanna,Ambroz,rambroz6b@is.gd,Female,205.5.242.199
229,Joelle,Cussins,jcussins6c@nih.gov,Female,116.20.236.35
230,Hughie,Taverner,htaverner6d@patch.com,Male,141.7.36.198
231,Viki,Dumphries,vdumphries6e@cdc.gov,Female,195.234.86.126
232,Flin,Brodhead,fbrodhead6f@usa.gov,Male,33.44.150.83
233,Leah,Reidshaw,lreidshaw6g@themeforest.net,Female,221.86.205.71
234,Pascal,Hosby,phosby6h@webeden.co.uk,Male,206.130.219.208
235,Celia,Chaudrelle,cchaudrelle6i@omniture.com,Female,71.57.246.107
236,Neale,Scannell,nscannell6j@51.la,Male,197.35.148.231
237,Ulla,Lydford,ulydford6k@redcross.org,Female,255.42.168.71
238,Penelope,Millmore,pmillmore6l@illinois.edu,Female,54.25.120.235
239,Martelle,Hagland,mhagland6m@shop-pro.jp,Female,209.57.22.147
240,Roley,Pallasch,rpallasch6n@discovery.com,Male,144.111.47.249
241,Aprilette,Bonaire,abonaire6o@ucsd.edu,Female,184.92.94.232
242,Edlin,Nutbrown,enutbrown6p@barnesandnoble.com,Male,232.118.108.108
243,Wilone,Pichan,wpichan6q@twitpic.com,Female,62.2.39.231
244,Ruperta,Pilpovic,rpilpovic6r@dion.ne.jp,Female,170.191.41.190
245,Brock,MacCorley,bmaccorley6s@google.ru,Male,251.164.66.166
246,Emelita,Bader,ebader6t@angelfire.com,Female,123.70.68.66
247,Skip,Billett,sbillett6u@sourceforge.net,Male,216.193.229.169
248,Chelsae,Shegog,cshegog6v@furl.net,Female,177.216.160.159
249,Mella,Langford,mlangford6w@cornell.edu,Female,109.110.76.1
250,Lynn,Cutchey,lcutchey6x@ucoz.com,Male,3.218.78.88
251,Horton,Abeles,habeles6y@cbc.ca,Male,246.188.226.14
252,Garwood,Megainey,gmegainey6z@spotify.com,Male,202.187.35.64
253,Barbi,Harrower,bharrower70@arstechnica.com,Female,176.26.151.64
254,Matty,Sofe,msofe71@hc360.com,Female,36.49.225.27
255,Arden,McAughtrie,amcaughtrie72@yolasite.com,Female,209.216.150.60
256,Yolande,Corness,ycorness73@toplist.cz,Female,172.135.47.155
257,Lenna,Emerton,lemerton74@samsung.com,Female,59.190.103.81
258,Caryl,O'Heyne,coheyne75@sitemeter.com,Male,164.147.106.126
259,Shae,Thoresbie,sthoresbie76@xrea.com,Female,53.129.254.155
260,Coleman,Passler,cpassler77@youku.com,Male,34.62.223.200
261,Madelena,Rapelli,mrapelli78@mozilla.org,Female,169.157.147.249
262,Janis,Kenwrick,jkenwrick79@prnewswire.com,Female,69.181.210.46
263,Anna,Blondell,ablondell7a@cmu.edu,Female,68.126.65.130
264,Romeo,Maiklem,rmaiklem7b@weibo.com,Male,44.39.14.147
265,Susanne,Shakesby,sshakesby7c@cafepress.com,Female,18.59.6.157
266,Dino,Maas,dmaas7d@jigsy.com,Male,120.54.132.118
267,Rachele,Wathen,rwathen7e@ucla.edu,Female,135.214.133.17
268,Darb,Pearman,dpearman7f@jigsy.com,Male,46.87.62.30
269,Angus,Eadon,aeadon7g@yale.edu,Male,211.142.177.38
270,Susana,Bellerby,sbellerby7h@ebay.co.uk,Female,18.143.196.212
271,Mac,Linner,mlinner7i@patch.com,Male,20.170.45.225
272,Chane,Haggar,chaggar7j@slashdot.org,Male,44.65.11.75
273,Roseanne,Robben,rrobben7k@nationalgeographic.com,Female,212.178.79.170
274,Rowe,Gascoyne,rgascoyne7l@spotify.com,Female,110.32.249.100
275,Ransom,Skoof,rskoof7m@about.com,Male,14.130.198.160
276,Perry,Riddle,priddle7n@timesonline.co.uk,Female,140.233.135.28
277,Carny,Mallabund,cmallabund7o@nationalgeographic.com,Male,214.1.54.164
278,Amanda,Creighton,acreighton7p@nhs.uk,Female,254.17.224.194
279,Farleigh,Walkling,fwalkling7q@mac.com,Male,105.102.23.127
280,Charlotte,Bimrose,cbimrose7r@google.com,Female,2.87.111.118
281,Marline,Ludlem,mludlem7s@plala.or.jp,Female,211.22.231.220
282,Sonny,Skitch,sskitch7t@diigo.com,Male,237.149.190.0
283,Annelise,Prugel,aprugel7u@amazon.com,Female,250.196.211.135
284,Gage,Drayn,gdrayn7v@oakley.com,Male,58.38.216.145
285,Gerome,Penn,gpenn7w@mozilla.org,Male,67.202.94.0
286,Stefan,MacClure,smacclure7x@wikipedia.org,Male,145.92.98.212
287,Ahmad,Patshull,apatshull7y@artisteer.com,Male,209.114.128.58
288,Jermayne,Halburton,jhalburton7z@fotki.com,Male,11.125.63.234
289,Anna-maria,Barracks,abarracks80@bloglines.com,Female,173.209.141.86
290,Daron,Poulden,dpoulden81@mozilla.org,Male,80.135.229.48
291,Sylvester,De Ferraris,sdeferraris82@yandex.ru,Male,87.133.89.161
292,Marcelle,Dorbon,mdorbon83@sohu.com,Female,185.90.178.158
293,Karna,Hutton,khutton84@bbc.co.uk,Female,3.170.84.26
294,Essie,Lawrenz,elawrenz85@amazon.co.uk,Female,185.147.29.49
295,Barnaby,Senior,bsenior86@dailymotion.com,Male,185.91.158.84
296,Petronilla,Grube,pgrube87@youku.com,Female,111.220.131.119
297,Lenora,Mellmoth,lmellmoth88@hexun.com,Female,209.68.169.207
298,Linnea,Kleeborn,lkleeborn89@posterous.com,Female,104.192.219.167
299,Jennifer,Coalbran,jcoalbran8a@un.org,Female,31.204.128.251
300,Ashley,Borton,aborton8b@skype.com,Female,87.73.73.143
301,Eustace,Hussey,ehussey8c@aol.com,Male,221.79.133.184
302,Shea,Frier,sfrier8d@chronoengine.com,Male,231.165.66.167
303,Fletch,Sambals,fsambals8e@xinhuanet.com,Male,185.188.163.57
304,Philomena,Tortis,ptortis8f@livejournal.com,Female,128.75.173.114
305,Goldina,Schuelcke,gschuelcke8g@google.com.au,Female,175.129.33.91
306,Gifford,Broyd,gbroyd8h@howstuffworks.com,Male,83.193.38.167
307,Emilia,McLenaghan,emclenaghan8i@ycombinator.com,Female,187.171.47.161
308,Kacy,Markussen,kmarkussen8j@fda.gov,Female,230.234.84.57
309,Ruby,Trewartha,rtrewartha8k@webmd.com,Male,34.167.71.31
310,Mady,Duchesne,mduchesne8l@chron.com,Female,215.170.49.205
311,Tuckie,Boissier,tboissier8m@booking.com,Male,208.192.132.231
312,Norah,Figura,nfigura8n@dropbox.com,Female,212.11.216.203
313,Dorelia,MacMeanma,dmacmeanma8o@theguardian.com,Female,75.253.78.139
314,Cornelius,Liddyard,cliddyard8p@dion.ne.jp,Male,10.148.194.43
315,Joellyn,Martel,jmartel8q@tripod.com,Female,38.214.194.37
316,Hedda,Tresise,htresise8r@photobucket.com,Female,188.114.166.135
317,Ivett,Cattermoul,icattermoul8s@issuu.com,Female,119.97.3.212
318,Harmony,Gitting,hgitting8t@cnn.com,Female,205.162.182.55
319,Edlin,Glascott,eglascott8u@forbes.com,Male,77.108.239.138
320,Binky,Ivancevic,bivancevic8v@house.gov,Male,26.10.177.200
321,Tomasine,Philipson,tphilipson8w@comsenz.com,Female,210.156.251.129
322,Florida,Ayrs,fayrs8x@geocities.com,Female,230.208.90.119
323,Blinnie,Quilliam,bquilliam8y@earthlink.net,Female,68.34.59.245
324,Kali,Connell,kconnell8z@t-online.de,Female,112.252.255.64
325,Georgiana,Zettler,gzettler90@engadget.com,Female,25.140.254.46
326,Rickie,O' Donohoe,rodonohoe91@biglobe.ne.jp,Female,73.179.232.102
327,Avie,Ferrini,aferrini92@imgur.com,Female,164.76.221.92
328,Lorita,Mendenhall,lmendenhall93@geocities.jp,Female,184.69.178.198
329,Angela,Sandall,asandall94@livejournal.com,Female,34.25.163.59
330,Giustina,Saladin,gsaladin95@loc.gov,Female,28.134.232.198
331,Marys,Coote,mcoote96@digg.com,Female,11.70.231.166
332,Ferdinande,Kynd,fkynd97@princeton.edu,Female,110.105.142.219
333,Louella,Wardrop,lwardrop98@youtube.com,Female,219.248.213.135
334,Kirsti,Burnep,kburnep99@smugmug.com,Female,213.116.6.209
335,Evvie,Pickburn,epickburn9a@google.com.br,Female,182.188.57.54
336,Leigh,Havelin,lhavelin9b@icq.com,Female,61.144.35.151
337,Aurelia,Bruckmann,abruckmann9c@cpanel.net,Female,213.93.24.54
338,Lyndsie,Blasing,lblasing9d@gizmodo.com,Female,160.33.244.141
339,Essie,Willock,ewillock9e@flavors.me,Female,114.220.194.32
340,Maryjane,Setter,msetter9f@walmart.com,Female,66.210.59.193
341,Amory,Andrewartha,aandrewartha9g@canalblog.com,Male,232.131.154.133
342,Alonso,Faveryear,afaveryear9h@cyberchimps.com,Male,129.151.180.242
343,Mathian,Woollam,mwoollam9i@utexas.edu,Male,245.61.54.222
344,Marmaduke,Cawdery,mcawdery9j@netvibes.com,Male,177.29.97.100
345,Bob,Fazackerley,bfazackerley9k@amazonaws.com,Male,54.88.146.75
346,Malvin,Marcos,mmarcos9l@biglobe.ne.jp,Male,225.143.226.111
347,Charlene,Slobom,cslobom9m@cnbc.com,Female,158.114.84.224
348,Eustacia,Jelks,ejelks9n@drupal.org,Female,94.150.11.4
349,Maddi,Bradburn,mbradburn9o@feedburner.com,Female,236.195.244.196
350,Annadiana,Hick,ahick9p@yellowbook.com,Female,252.218.219.111
351,Regine,Laurentino,rlaurentino9q@phoca.cz,Female,255.237.211.14
352,Neil,Dorbin,ndorbin9r@wix.com,Male,123.240.226.230
353,Fedora,Abelson,fabelson9s@epa.gov,Female,222.123.196.205
354,Pippo,Flavelle,pflavelle9t@salon.com,Male,139.8.56.12
355,Michael,Roddy,mroddy9u@mapquest.com,Male,246.152.231.105
356,Piotr,Paolone,ppaolone9v@microsoft.com,Male,170.72.67.238
357,Sonny,Hegley,shegley9w@statcounter.com,Male,100.229.13.121
358,Sollie,Igounet,sigounet9x@mozilla.org,Male,238.95.71.42
359,Swen,Dumphry,sdumphry9y@dmoz.org,Male,43.30.83.108
360,Chadd,Quixley,cquixley9z@skype.com,Male,175.61.82.212
361,Fawnia,Stennine,fstenninea0@woothemes.com,Female,132.12.153.142
362,Lara,Schwartz,lschwartza1@shareasale.com,Female,176.238.70.199
363,Brent,Johansen,bjohansena2@cbsnews.com,Male,182.212.233.133
364,Denny,Feltham,dfelthama3@theatlantic.com,Male,198.54.158.243
365,Kevin,Mounch,kmouncha4@businesswire.com,Male,133.5.155.135
366,Ealasaid,Mayow,emayowa5@lulu.com,Female,4.99.55.195
367,Noll,Whitman,nwhitmana6@yahoo.com,Male,39.157.26.202
368,Tremain,Chapleo,tchapleoa7@omniture.com,Male,80.56.104.35
369,Alwyn,Epine,aepinea8@gizmodo.com,Male,253.160.123.74
370,Hinze,Ludgate,hludgatea9@go.com,Male,240.170.80.138
371,Ichabod,Gooly,igoolyaa@amazonaws.com,Male,244.65.4.115
372,Francis,Millar,fmillarab@imageshack.us,Male,233.254.14.17
373,Esmeralda,Philpault,ephilpaultac@pinterest.com,Female,255.199.93.14
374,Paulo,Farherty,pfarhertyad@wiley.com,Male,155.220.32.203
375,Ellissa,Polin,epolinae@google.co.uk,Female,11.117.147.224
376,Natalya,McCormack,nmccormackaf@nationalgeographic.com,Female,70.16.143.163
377,Gilbert,Fenty,gfentyag@infoseek.co.jp,Male,121.163.95.82
378,Nancie,Ricards,nricardsah@hao123.com,Female,82.48.178.231
379,Napoleon,Lanfranchi,nlanfranchiai@irs.gov,Male,63.121.0.60
380,Allyce,Bidmead,abidmeadaj@ca.gov,Female,32.10.65.183
381,Erica,Luetchford,eluetchfordak@networksolutions.com,Female,236.252.166.160
382,Avrit,Kolushev,akolusheval@delicious.com,Female,99.29.174.59
383,Jaymee,Seakes,jseakesam@berkeley.edu,Female,69.207.88.2
384,Elsworth,Riccardi,ericcardian@tamu.edu,Male,131.62.185.183
385,Rosamond,Tsarovic,rtsarovicao@vimeo.com,Female,44.101.119.17
386,Westbrook,Climpson,wclimpsonap@wordpress.com,Male,220.150.192.102
387,Raf,Shimony,rshimonyaq@typepad.com,Female,45.251.96.216
388,Rhianon,Camelia,rcameliaar@oracle.com,Female,62.220.170.125
389,Grove,Rambaut,grambautas@berkeley.edu,Male,169.55.172.53
390,Luigi,Riccelli,lriccelliat@domainmarket.com,Male,30.177.126.67
391,Garner,Walcar,gwalcarau@hc360.com,Male,96.247.249.255
392,Allianora,Grafhom,agrafhomav@google.ru,Female,26.211.53.155
393,Rafaelita,Shires,rshiresaw@multiply.com,Female,109.18.7.244
394,Kevan,Bresson,kbressonax@chicagotribune.com,Male,99.7.181.59
395,Bard,Sarfatti,bsarfattiay@moonfruit.com,Male,98.244.216.181
396,Clevie,Philippon,cphilipponaz@europa.eu,Male,153.190.215.192
397,Mickie,Brigman,mbrigmanb0@de.vu,Male,237.198.225.151
398,Andreas,Phelp,aphelpb1@typepad.com,Male,62.168.247.41
399,Kelcie,Berzen,kberzenb2@nyu.edu,Female,190.173.175.85
400,Rodd,St. John,rstjohnb3@goodreads.com,Male,31.195.18.116
401,Rutherford,Milverton,rmilvertonb4@cnbc.com,Male,223.154.208.100
402,Lilyan,Franca,lfrancab5@independent.co.uk,Female,122.4.247.73
403,Sella,Josef,sjosefb6@myspace.com,Female,226.61.143.221
404,Brandie,Guiducci,bguiduccib7@psu.edu,Female,192.255.10.192
405,Humfrey,Trittam,htrittamb8@reddit.com,Male,188.238.2.21
406,Marcelia,Danielski,mdanielskib9@cbsnews.com,Female,191.215.152.251
407,Gisella,Thickins,gthickinsba@bing.com,Female,13.8.140.144
408,Phil,Cuseick,pcuseickbb@nifty.com,Female,212.247.216.22
409,Elenore,Pettitt,epettittbc@goo.gl,Female,133.0.95.250
410,Valentina,Twining,vtwiningbd@pagesperso-orange.fr,Female,70.96.46.133
411,Quinton,Joutapaitis,qjoutapaitisbe@alexa.com,Male,77.26.72.2
412,Osgood,Grosvener,ogrosvenerbf@bbb.org,Male,137.139.186.156
413,Addison,Cayle,acaylebg@mozilla.com,Male,208.77.42.239
414,Ulberto,Schwanden,uschwandenbh@opera.com,Male,12.146.145.238
415,Zachariah,Enrico,zenricobi@1688.com,Male,164.151.221.208
416,Marjory,Lorenzini,mlorenzinibj@gov.uk,Female,68.71.28.38
417,Larry,McTiernan,lmctiernanbk@chron.com,Male,244.170.103.99
418,Carmen,Aspall,caspallbl@ezinearticles.com,Female,58.128.192.143
419,Brandy,Tanti,btantibm@behance.net,Female,227.123.101.183
420,Chryste,Robilliard,crobilliardbn@vistaprint.com,Female,198.244.110.64
421,Robinette,McPhillips,rmcphillipsbo@ucsd.edu,Female,15.169.197.145
422,Karisa,Rother,krotherbp@ow.ly,Female,70.124.27.85
423,Vinny,Moule,vmoulebq@hp.com,Female,22.117.143.112
424,Yolande,Normandale,ynormandalebr@about.com,Female,202.66.75.173
425,Chad,De Hooge,cdehoogebs@seattletimes.com,Female,232.77.123.230
426,Aarika,Pessler,apesslerbt@newsvine.com,Female,16.92.18.50
427,Caron,Stickney,cstickneybu@comsenz.com,Female,43.7.51.26
428,Berny,Kuschel,bkuschelbv@tiny.cc,Male,184.55.86.125
429,Early,Neary,enearybw@usgs.gov,Male,225.73.120.137
430,Palmer,Marling,pmarlingbx@omniture.com,Male,225.55.55.5
431,Irwinn,Woodroof,iwoodroofby@csmonitor.com,Male,85.201.107.161
432,Antin,Zecchii,azecchiibz@bizjournals.com,Male,44.147.145.244
433,Blisse,Janikowski,bjanikowskic0@over-blog.com,Female,21.162.100.126
434,Norene,Pomroy,npomroyc1@ftc.gov,Female,173.108.234.202
435,Ethelda,Hiskey,ehiskeyc2@ed.gov,Female,38.148.87.53
436,Ernie,Keenor,ekeenorc3@google.com,Male,7.173.252.59
437,Syd,Minard,sminardc4@kickstarter.com,Male,52.35.154.136
438,Arabel,Greves,agrevesc5@patch.com,Female,96.189.203.105
439,Osbourne,Lampel,olampelc6@dyndns.org,Male,207.147.107.235
440,Nathanael,Hindes,nhindesc7@myspace.com,Male,239.150.108.89
441,Jeno,Chopy,jchopyc8@unesco.org,Male,206.163.240.171
442,Virgilio,Pancost,vpancostc9@scribd.com,Male,148.104.251.35
443,Antony,Rooper,arooperca@macromedia.com,Male,69.159.64.60
444,Terri,McDoual,tmcdoualcb@linkedin.com,Male,156.15.229.62
445,Oates,Matteacci,omatteaccicc@pagesperso-orange.fr,Male,56.163.141.89
446,Georgeta,Zorener,gzorenercd@engadget.com,Female,123.92.209.31
447,Worthy,Vasyutin,wvasyutince@51.la,Male,1.238.30.123
448,Cos,Mapowder,cmapowdercf@oakley.com,Male,67.248.252.31
449,Evie,Mardall,emardallcg@zimbio.com,Female,122.42.73.98
450,Peter,Lamswood,plamswoodch@cbslocal.com,Male,202.1.129.26
451,Kermy,Dytham,kdythamci@nationalgeographic.com,Male,110.230.205.193
452,Arlin,Auston,aaustoncj@tinypic.com,Male,24.195.131.219
453,Osbourn,Nipper,onipperck@last.fm,Male,19.187.109.229
454,Thorvald,Plume,tplumecl@photobucket.com,Male,165.0.69.230
455,Cad,Audiss,caudisscm@etsy.com,Male,116.241.222.104
456,Clevey,Pepin,cpepincn@netvibes.com,Male,161.240.18.82
457,Adelle,Richfield,arichfieldco@elpais.com,Female,229.67.152.126
458,Regina,Semeniuk,rsemeniukcp@freewebs.com,Female,68.92.254.243
459,Shanie,Grichukhanov,sgrichukhanovcq@state.tx.us,Female,48.78.39.61
460,Clark,Worster,cworstercr@accuweather.com,Male,92.78.128.184
461,Ursula,Kingswell,ukingswellcs@topsy.com,Female,73.163.108.122
462,Gusti,Letts,glettsct@sfgate.com,Female,21.179.27.253
463,Lodovico,O'Neary,lonearycu@tmall.com,Male,163.35.89.25
464,Sigmund,Halton,shaltoncv@yandex.ru,Male,148.141.161.114
465,Ring,Shallo,rshallocw@nature.com,Male,60.188.214.228
466,Lorrin,Glusby,lglusbycx@pen.io,Female,216.98.59.98
467,Tonya,McMearty,tmcmeartycy@dell.com,Female,91.6.117.82
468,Raynard,Satchell,rsatchellcz@mysql.com,Male,202.130.3.195
469,Towny,Darree,tdarreed0@youtu.be,Male,3.36.147.61
470,Carmita,Muston,cmustond1@census.gov,Female,109.229.144.170
471,Conway,Beadnall,cbeadnalld2@hud.gov,Male,202.209.57.149
472,Garvin,Parmenter,gparmenterd3@dagondesign.com,Male,217.48.59.117
473,Joann,Durrant,jdurrantd4@mozilla.org,Female,51.116.101.80
474,Tobit,Chisolm,tchisolmd5@china.com.cn,Male,2.42.130.88
475,Hadleigh,Tanguy,htanguyd6@cargocollective.com,Male,240.194.191.31
476,Car,Kleinhaut,ckleinhautd7@guardian.co.uk,Male,233.163.137.120
477,Mayor,Brunner,mbrunnerd8@harvard.edu,Male,226.157.27.58
478,Gerome,Swetland,gswetlandd9@ebay.com,Male,154.109.10.47
479,Brianne,Baptiste,bbaptisteda@themeforest.net,Female,160.107.237.4
480,Sigmund,Brittain,sbrittaindb@walmart.com,Male,63.247.174.17
481,Angele,Gail,agaildc@diigo.com,Female,10.221.196.214
482,Raimondo,Whitter,rwhitterdd@amazon.co.jp,Male,209.167.203.122
483,Herminia,Cobbald,hcobbaldde@gnu.org,Female,84.243.219.103
484,Iorgo,Allington,iallingtondf@bbc.co.uk,Male,179.216.164.210
485,Adelheid,Dorrell,adorrelldg@linkedin.com,Female,27.249.86.158
486,Bryna,Mattheus,bmattheusdh@samsung.com,Female,60.22.103.92
487,Riccardo,Van Der Walt,rvanderwaltdi@nifty.com,Male,147.160.94.100
488,Shirlee,Sennett,ssennettdj@jugem.jp,Female,146.143.60.174
489,Phil,Keave,pkeavedk@tripadvisor.com,Male,81.200.146.212
490,Jobie,Raccio,jracciodl@toplist.cz,Female,68.97.213.30
491,Erhart,Jennaway,ejennawaydm@gravatar.com,Male,132.255.212.44
492,Lusa,Espada,lespadadn@bandcamp.com,Female,128.126.4.237
493,Fair,Aldcorne,faldcornedo@google.it,Male,127.233.25.130
494,Ermengarde,Meade,emeadedp@skyrock.com,Female,145.183.115.68
495,Eunice,Dring,edringdq@blog.com,Female,89.82.177.149
496,Angelina,Peskin,apeskindr@fc2.com,Female,57.170.8.125
497,Brenden,Gorwood,bgorwoodds@columbia.edu,Male,120.151.160.12
498,Bail,Gillson,bgillsondt@marketwatch.com,Male,182.83.202.151
499,Lisle,Goodright,lgoodrightdu@google.cn,Male,91.30.217.232
500,Eadie,Shrieve,eshrievedv@opensource.org,Female,27.87.54.137
501,Jehanna,McLenaghan,jmclenaghandw@pinterest.com,Female,29.220.108.9
502,Christi,Laugheran,claugherandx@wordpress.com,Female,44.201.19.170
503,Emmit,Giovanetti,egiovanettidy@imgur.com,Male,89.236.195.175
504,Batsheva,Spires,bspiresdz@comsenz.com,Female,148.31.230.214
505,Fred,Kytter,fkyttere0@slashdot.org,Female,80.161.198.187
506,Elspeth,Jefferies,ejefferiese1@forbes.com,Female,83.172.225.11
507,Meaghan,Ruzicka,mruzickae2@thetimes.co.uk,Female,20.132.119.34
508,Sharyl,Prest,spreste3@seattletimes.com,Female,110.75.103.218
509,Gabriella,Jeandin,gjeandine4@fda.gov,Female,86.214.180.168
510,Brynn,Phin,bphine5@sakura.ne.jp,Female,188.51.17.157
511,Klement,Rude,krudee6@g.co,Male,246.65.250.25
512,Vilhelmina,Bonnett,vbonnette7@smh.com.au,Female,152.151.195.244
513,Darryl,Leavy,dleavye8@skype.com,Female,238.134.115.9
514,Gerome,Caghan,gcaghane9@marriott.com,Male,204.51.0.163
515,Dorris,Kiddy,dkiddyea@dropbox.com,Female,215.109.139.227
516,Christy,Dudeney,cdudeneyeb@bandcamp.com,Female,200.213.12.255
517,Devina,Troubridge,dtroubridgeec@auda.org.au,Female,174.126.122.236
518,Derby,Klimkin,dklimkined@home.pl,Male,177.102.14.156
519,Kali,Thelwll,kthelwllee@icq.com,Female,80.203.152.157
520,Ly,Soaper,lsoaperef@ask.com,Male,139.188.90.60
521,Tish,Caswall,tcaswalleg@seattletimes.com,Female,181.122.74.238
522,Adrianne,McGuire,amcguireeh@independent.co.uk,Female,63.85.72.214
523,Gothart,Jolliffe,gjolliffeei@ow.ly,Male,169.139.245.33
524,Milty,Shenton,mshentonej@latimes.com,Male,143.136.116.157
525,Dorri,Eccott,deccottek@jiathis.com,Female,65.153.216.168
526,Seline,Kohnen,skohnenel@phpbb.com,Female,43.37.76.255
527,Christi,Pegler,cpeglerem@wikimedia.org,Female,176.242.58.84
528,Lindsey,Quittonden,lquittondenen@chron.com,Male,119.208.90.156
529,Rici,Armitage,rarmitageeo@storify.com,Female,208.83.123.63
530,Rozalin,Pickring,rpickringep@technorati.com,Female,141.231.35.221
531,Sergio,Tickner,sticknereq@oaic.gov.au,Male,152.26.238.44
532,Agnes,Chark,acharker@discuz.net,Female,28.9.86.33
533,Cass,Dowbiggin,cdowbiggines@theglobeandmail.com,Female,77.148.76.231
534,Gordon,O' Gara,gogaraet@yahoo.co.jp,Male,191.79.242.173
535,Lindy,Flannigan,lflanniganeu@goo.ne.jp,Female,57.192.41.92
536,Simon,Ottewell,sottewellev@geocities.com,Male,82.77.24.235
537,Antonetta,Nother,anotherew@nba.com,Female,66.197.48.16
538,Alisander,Nelmes,anelmesex@xing.com,Male,85.122.188.204
539,Irina,Castilla,icastillaey@php.net,Female,168.8.163.66
540,Sherlocke,Lacaze,slacazeez@prweb.com,Male,151.134.105.214
541,Oralie,Sergant,osergantf0@hugedomains.com,Female,160.136.189.221
542,Mellie,Coldtart,mcoldtartf1@yahoo.com,Female,139.189.12.123
543,Gerard,Tadman,gtadmanf2@fda.gov,Male,166.111.165.120
544,Karita,Slides,kslidesf3@ocn.ne.jp,Female,32.205.175.41
545,Shannah,Tant,stantf4@phoca.cz,Female,92.143.85.5
546,Pearla,Farryn,pfarrynf5@goo.ne.jp,Female,51.243.11.197
547,Layton,Broscombe,lbroscombef6@gizmodo.com,Male,242.26.213.53
548,Thorvald,Minchin,tminchinf7@google.com.br,Male,14.109.71.192
549,Armando,Augustus,aaugustusf8@cam.ac.uk,Male,101.79.146.214
550,Jamill,Thursfield,jthursfieldf9@guardian.co.uk,Male,150.93.36.245
551,Mirabel,Vosse,mvossefa@about.me,Female,174.72.79.253
552,Ingaberg,Koppen,ikoppenfb@moonfruit.com,Female,193.166.105.253
553,Andra,Flaherty,aflahertyfc@google.ca,Female,158.76.58.57
554,Lind,Cupper,lcupperfd@webmd.com,Male,77.32.3.228
555,Delbert,Liven,dlivenfe@youtube.com,Male,254.44.95.161
556,Carol,Chatten,cchattenff@godaddy.com,Female,148.145.41.124
557,Vallie,Chaplain,vchaplainfg@quantcast.com,Female,17.237.166.83
558,Harrison,Tocher,htocherfh@networksolutions.com,Male,249.21.159.79
559,Kort,Turfitt,kturfittfi@wired.com,Male,161.230.217.31
560,Astra,Dickin,adickinfj@odnoklassniki.ru,Female,91.252.44.156
561,Grange,Vise,gvisefk@instagram.com,Male,18.215.77.43
562,Raffaello,Van Eeden,rvaneedenfl@friendfeed.com,Male,8.225.208.66
563,Jarad,Beardsell,jbeardsellfm@cbslocal.com,Male,180.166.113.26
564,Nickolai,Pascho,npaschofn@wisc.edu,Male,66.78.97.98
565,Blinny,Prynne,bprynnefo@cbslocal.com,Female,198.178.201.60
566,Mattias,Allaker,mallakerfp@4shared.com,Male,186.194.170.14
567,Englebert,Houten,ehoutenfq@photobucket.com,Male,51.159.201.52
568,Forrester,Emma,femmafr@ustream.tv,Male,239.126.128.213
569,Elisa,Roma,eromafs@acquirethisname.com,Female,84.223.97.174
570,Hogan,Asaaf,hasaafft@apple.com,Male,218.48.11.2
571,Celina,Mole,cmolefu@disqus.com,Female,243.194.64.187
572,Di,Birchner,dbirchnerfv@photobucket.com,Female,148.126.56.5
573,Barbe,Witter,bwitterfw@lulu.com,Female,31.49.1.224
574,Sherline,Petrollo,spetrollofx@amazon.de,Female,120.196.107.213
575,Melicent,Domino,mdominofy@google.fr,Female,180.78.249.132
576,Hedvige,MacAllaster,hmacallasterfz@fema.gov,Female,207.142.1.238
577,Gerianna,Townrow,gtownrowg0@discuz.net,Female,232.100.44.105
578,Grantham,Senescall,gsenescallg1@hp.com,Male,51.205.207.205
579,Mose,Filimore,mfilimoreg2@auda.org.au,Male,55.175.154.73
580,Maison,Budik,mbudikg3@is.gd,Male,165.87.22.44
581,Davide,Radage,dradageg4@sfgate.com,Male,66.250.102.129
582,Oralie,Harlett,oharlettg5@theatlantic.com,Female,17.243.103.127
583,Katrinka,Hoggin,khogging6@ebay.com,Female,43.46.157.247
584,Brade,Maasz,bmaaszg7@nifty.com,Male,90.244.193.204
585,Sylas,Grutchfield,sgrutchfieldg8@pagesperso-orange.fr,Male,200.157.180.16
586,Jewell,Arnell,jarnellg9@howstuffworks.com,Female,24.161.77.103
587,Bryanty,Grastye,bgrastyega@nsw.gov.au,Male,14.19.221.247
588,Joel,Blachford,jblachfordgb@indiatimes.com,Male,247.15.208.110
589,Blancha,Kuhndel,bkuhndelgc@biblegateway.com,Female,218.127.13.168
590,Cyndie,Trimmell,ctrimmellgd@cbsnews.com,Female,33.171.183.183
591,Donnie,Redmile,dredmilege@prweb.com,Female,53.4.247.215
592,Urbanus,Dufall,udufallgf@themeforest.net,Male,202.19.19.58
593,Crichton,McRitchie,cmcritchiegg@upenn.edu,Male,215.5.217.47
594,Sula,Bendelow,sbendelowgh@uiuc.edu,Female,173.37.10.164
595,Carmon,Mascall,cmascallgi@npr.org,Female,165.173.62.87
596,Teresita,Sirr,tsirrgj@unc.edu,Female,208.6.107.246
597,Nissie,Dannatt,ndannattgk@lycos.com,Female,213.206.66.184
598,Moss,MacGilfoyle,mmacgilfoylegl@macromedia.com,Male,212.157.50.221
599,Dodie,Sighard,dsighardgm@phpbb.com,Female,41.212.255.79
600,Aeriel,Roskilly,aroskillygn@1688.com,Female,93.181.148.154
601,Rolf,Baumaier,rbaumaiergo@independent.co.uk,Male,48.53.194.217
602,Joana,Featherstonhaugh,jfeatherstonhaughgp@state.tx.us,Female,219.240.224.251
603,Linell,Libby,llibbygq@skype.com,Female,170.183.31.28
604,Linell,Jerrams,ljerramsgr@wordpress.com,Female,120.84.179.111
605,Neil,Danton,ndantongs@ebay.com,Male,111.179.126.14
606,Kermy,Dobkin,kdobkingt@mapy.cz,Male,244.12.42.198
607,Eliot,Fripps,efrippsgu@sourceforge.net,Male,144.69.158.66
608,Bertie,Macellar,bmacellargv@furl.net,Female,245.155.44.166
609,Sadye,Roberson,srobersongw@illinois.edu,Female,31.174.60.236
610,Lisetta,Perago,lperagogx@state.gov,Female,5.203.93.72
611,Carlo,Kesteven,ckestevengy@yale.edu,Male,111.158.35.109
612,Grove,Caghan,gcaghangz@cbslocal.com,Male,60.48.33.244
613,Shaylah,Fancet,sfanceth0@sciencedaily.com,Female,157.178.245.73
614,Veronica,Hoyes,vhoyesh1@sun.com,Female,142.38.157.62
615,Alley,Pearson,apearsonh2@weather.com,Male,80.143.51.65
616,Lancelot,Kubach,lkubachh3@icio.us,Male,8.30.209.70
617,Lilias,Geroldi,lgeroldih4@pagesperso-orange.fr,Female,150.200.41.226
618,Leona,Drysdale,ldrysdaleh5@eventbrite.com,Female,211.60.199.175
619,Florenza,Reinert,freinerth6@linkedin.com,Female,52.190.6.29
620,Rurik,Assiratti,rassirattih7@ow.ly,Male,189.91.16.138
621,Kalila,Tesmond,ktesmondh8@marriott.com,Female,72.115.185.242
622,Paolina,Pelerin,ppelerinh9@techcrunch.com,Female,18.34.217.116
623,Perceval,Steeples,psteeplesha@netscape.com,Male,55.64.211.188
624,Oby,Cortnay,ocortnayhb@cdc.gov,Male,93.60.103.161
625,Dyan,Moors,dmoorshc@mozilla.org,Female,41.195.126.224
626,Obidiah,Tinkham,otinkhamhd@opera.com,Male,112.50.69.33
627,Marian,Reinisch,mreinischhe@irs.gov,Female,218.80.203.255
628,Siana,Kraut,skrauthf@mail.ru,Female,20.56.70.238
629,Alvira,McKea,amckeahg@berkeley.edu,Female,245.80.0.221
630,Evangelina,Yushachkov,eyushachkovhh@ucla.edu,Female,255.163.232.169
631,Nahum,Robjant,nrobjanthi@opera.com,Male,107.159.77.187
632,Bianka,Green,bgreenhj@newyorker.com,Female,90.215.30.50
633,Leta,Enrique,lenriquehk@woothemes.com,Female,97.243.87.73
634,Phineas,Longfoot,plongfoothl@wikimedia.org,Male,72.254.38.106
635,Natal,Ducker,nduckerhm@yahoo.co.jp,Male,147.173.58.197
636,Webster,Forker,wforkerhn@printfriendly.com,Male,63.161.214.222
637,Beryle,Cavil,bcavilho@spiegel.de,Female,239.181.126.106
638,Gino,Sandbach,gsandbachhp@liveinternet.ru,Male,220.62.98.223
639,Augusta,Rusling,aruslinghq@ocn.ne.jp,Female,243.102.79.208
640,Lorita,Gulleford,lgullefordhr@ebay.co.uk,Female,230.107.219.164
641,Benji,Youd,byoudhs@shutterfly.com,Male,28.234.187.156
642,Alphonse,Tomaskov,atomaskovht@moonfruit.com,Male,81.238.15.57
643,Quentin,Chevalier,qchevalierhu@pagesperso-orange.fr,Female,143.18.84.52
644,Willie,Gummow,wgummowhv@economist.com,Female,4.158.228.102
645,Caria,Diess,cdiesshw@gmpg.org,Female,54.120.244.231
646,Kary,Lerner,klernerhx@google.es,Female,92.104.79.144
647,Colas,Zoppo,czoppohy@gmpg.org,Male,237.177.100.63
648,Ferdinande,Biaggelli,fbiaggellihz@joomla.org,Female,169.38.101.211
649,Myron,Gatfield,mgatfieldi0@naver.com,Male,214.11.33.252
650,Kermit,Chisnell,kchisnelli1@dmoz.org,Male,186.101.183.163
651,Fredrika,Lawling,flawlingi2@youku.com,Female,73.94.87.35
652,Clayborn,Rawlins,crawlinsi3@hhs.gov,Male,103.239.96.91
653,Libbie,Tremontana,ltremontanai4@ning.com,Female,197.104.241.172
654,Reider,Boots,rbootsi5@example.com,Male,131.98.199.77
655,York,Ickeringill,yickeringilli6@furl.net,Male,198.108.32.180
656,Gayleen,Shory,gshoryi7@slideshare.net,Female,135.0.254.136
657,Staford,Turnpenny,sturnpennyi8@dot.gov,Male,161.156.17.211
658,Shep,Greenway,sgreenwayi9@disqus.com,Male,133.105.89.51
659,Yettie,Enefer,yeneferia@flickr.com,Female,97.72.242.142
660,Benedetto,Viveash,bviveashib@umich.edu,Male,107.62.46.228
661,Cirstoforo,Dailly,cdaillyic@skyrock.com,Male,215.38.2.92
662,Electra,Leward,elewardid@wikimedia.org,Female,77.226.187.145
663,Celia,Haggerty,chaggertyie@mediafire.com,Female,122.118.52.238
664,Dael,Godsil,dgodsilif@alexa.com,Male,250.122.118.229
665,Annalee,Persian,apersianig@amazon.de,Female,109.119.252.28
666,Erminia,Bwye,ebwyeih@sitemeter.com,Female,91.101.150.155
667,Gayler,Angrove,gangroveii@disqus.com,Male,4.141.143.22
668,Tiffanie,Binns,tbinnsij@sourceforge.net,Female,122.91.152.161
669,Charles,Kaley,ckaleyik@globo.com,Male,107.51.227.90
670,Bryant,Semorad,bsemoradil@multiply.com,Male,74.177.41.243
671,Markos,Forsdike,mforsdikeim@mail.ru,Male,132.246.176.221
672,Deck,Sultana,dsultanain@163.com,Male,109.86.143.1
673,Sibby,Maggs,smaggsio@altervista.org,Female,57.50.104.47
674,Harv,Novak,hnovakip@istockphoto.com,Male,69.125.93.100
675,Elayne,Parsand,eparsandiq@dmoz.org,Female,249.253.223.85
676,Hayes,Swynley,hswynleyir@bandcamp.com,Male,30.155.163.182
677,Fionna,Barreau,fbarreauis@huffingtonpost.com,Female,156.80.72.166
678,Genny,Kettlewell,gkettlewellit@flavors.me,Female,104.251.133.248
679,Roland,Jean,rjeaniu@devhub.com,Male,108.39.53.237
680,Karrie,Coppledike,kcoppledikeiv@mapy.cz,Female,65.227.22.132
681,Luella,Jellman,ljellmaniw@prweb.com,Female,173.36.191.244
682,Micki,Reisin,mreisinix@state.gov,Female,215.239.66.69
683,Ardella,Bellelli,abellelliiy@usatoday.com,Female,248.144.77.90
684,Kirstin,Brendeke,kbrendekeiz@alexa.com,Female,221.148.164.125
685,Albertine,Raxworthy,araxworthyj0@dot.gov,Female,207.156.112.164
686,Esdras,Gealle,egeallej1@census.gov,Male,244.149.108.20
687,Georgeanne,Maysor,gmaysorj2@smugmug.com,Female,247.25.205.141
688,Vlad,Attwool,vattwoolj3@soup.io,Male,255.28.10.202
689,Tina,Douch,tdouchj4@newyorker.com,Female,236.220.179.208
690,Bent,Lomis,blomisj5@adobe.com,Male,225.37.29.25
691,Xymenes,Gulvin,xgulvinj6@i2i.jp,Male,9.179.47.39
692,Belicia,Kubin,bkubinj7@wikispaces.com,Female,125.105.111.189
693,Skelly,Byrkmyr,sbyrkmyrj8@dropbox.com,Male,83.221.18.64
694,Zorine,Lamkin,zlamkinj9@army.mil,Female,216.233.197.84
695,Demetris,Raffan,draffanja@walmart.com,Male,142.47.23.128
696,Barbabra,Thunnerclef,bthunnerclefjb@last.fm,Female,140.211.150.205
697,Nealson,Daout,ndaoutjc@delicious.com,Male,29.133.131.17
698,Patty,McIlroy,pmcilroyjd@google.co.uk,Female,159.39.45.253
699,Fabiano,Stanlack,fstanlackje@cbslocal.com,Male,36.53.210.23
700,Myca,Bugdale,mbugdalejf@domainmarket.com,Male,6.203.78.108
701,Gabie,Baxstar,gbaxstarjg@purevolume.com,Male,139.186.22.50
702,Ty,Shakelade,tshakeladejh@columbia.edu,Male,65.37.83.86
703,Willy,Yellowlea,wyellowleaji@photobucket.com,Male,116.22.237.223
704,Lou,Wolstenholme,lwolstenholmejj@youku.com,Female,49.83.130.10
705,Robinet,Meir,rmeirjk@gizmodo.com,Female,109.203.198.235
706,Raymund,Gerram,rgerramjl@twitpic.com,Male,180.152.249.83
707,Dallas,Drezzer,ddrezzerjm@geocities.com,Male,5.239.76.40
708,Matty,Laughlin,mlaughlinjn@nymag.com,Male,142.116.3.148
709,Hillary,Shrimplin,hshrimplinjo@1und1.de,Male,32.15.47.112
710,Vernen,Aldus,valdusjp@bloglines.com,Male,130.149.227.16
711,Corine,Van Hove,cvanhovejq@fda.gov,Female,125.87.239.42
712,Carlyn,Moncrieffe,cmoncrieffejr@sfgate.com,Female,94.120.252.218
713,Cristie,Billes,cbillesjs@linkedin.com,Female,214.235.103.60
714,Rosabella,Parfrey,rparfreyjt@narod.ru,Female,221.31.234.35
715,Jermayne,Rodda,jroddaju@latimes.com,Male,122.52.43.183
716,Hakeem,Ginglell,hginglelljv@senate.gov,Male,66.65.68.144
717,Minna,Draco,mdracojw@yale.edu,Female,46.211.235.39
718,Adolph,Boken,abokenjx@hhs.gov,Male,36.85.156.190
719,Grantham,McCaughan,gmccaughanjy@yellowpages.com,Male,117.154.68.160
720,Faunie,Redpath,fredpathjz@mapy.cz,Female,53.235.226.191
721,Ursola,O'Donnelly,uodonnellyk0@google.com.br,Female,137.19.49.49
722,Lorene,Gaddie,lgaddiek1@last.fm,Female,169.247.247.192
723,Murry,Janczak,mjanczakk2@about.com,Male,113.248.23.149
724,Elysha,Hastler,ehastlerk3@umich.edu,Female,176.69.54.250
725,Janeczka,Chevis,jchevisk4@nytimes.com,Female,136.81.198.60
726,Ephraim,Aldhouse,ealdhousek5@goodreads.com,Male,151.170.26.195
727,Itch,Pollak,ipollakk6@nifty.com,Male,237.174.78.170
728,Marmaduke,Chape,mchapek7@mail.ru,Male,208.34.11.7
729,Juline,Boschmann,jboschmannk8@home.pl,Female,41.41.6.251
730,Debee,Heintzsch,dheintzschk9@instagram.com,Female,94.64.4.208
731,Bettine,Hurle,bhurleka@posterous.com,Female,46.37.53.60
732,Billy,Allaker,ballakerkb@artisteer.com,Male,253.108.183.122
733,Rafaellle,McGreay,rmcgreaykc@gizmodo.com,Male,182.39.33.225
734,Corabella,Robathon,crobathonkd@eepurl.com,Female,191.78.53.115
735,Paulie,Orpen,porpenke@studiopress.com,Male,6.248.55.193
736,See,Plumridege,splumridegekf@indiegogo.com,Male,184.153.125.126
737,Berni,Dicks,bdickskg@spotify.com,Female,13.136.120.128
738,Kevan,Seabridge,kseabridgekh@reuters.com,Male,215.50.243.77
739,Christan,Dufour,cdufourki@chron.com,Female,234.225.96.104
740,Gerianne,Sapsford,gsapsfordkj@pinterest.com,Female,131.169.154.244
741,Nefen,Brightman,nbrightmankk@loc.gov,Male,99.86.119.243
742,See,Scaddon,sscaddonkl@umich.edu,Male,170.214.13.166
743,Steffi,Suggey,ssuggeykm@qq.com,Female,201.237.36.202
744,Marcella,Sheara,mshearakn@php.net,Female,65.19.0.206
745,Carin,Grindley,cgrindleyko@cloudflare.com,Female,134.95.99.152
746,Davie,Tarbox,dtarboxkp@instagram.com,Male,244.66.177.236
747,Petronia,Jacobssen,pjacobssenkq@examiner.com,Female,243.166.132.90
748,Mahmud,Carsberg,mcarsbergkr@bluehost.com,Male,113.106.241.182
749,Ricki,Noble,rnobleks@google.pl,Male,132.211.146.144
750,Ragnar,Wallas,rwallaskt@pen.io,Male,195.182.11.157
751,Leo,Langhor,llanghorku@elegantthemes.com,Male,96.228.108.158
752,Coleman,Bourgeois,cbourgeoiskv@tuttocitta.it,Male,221.73.74.192
753,Seth,Le - Count,slecountkw@cbsnews.com,Male,73.175.216.246
754,Odo,Height,oheightkx@ustream.tv,Male,29.169.32.111
755,Robinia,Primrose,rprimroseky@jigsy.com,Female,239.214.73.212
756,Sybyl,Greson,sgresonkz@webeden.co.uk,Female,42.227.150.25
757,Mersey,Chelam,mchelaml0@paginegialle.it,Female,118.212.130.209
758,Thatch,Gower,tgowerl1@purevolume.com,Male,81.101.201.231
759,Brenna,Doerling,bdoerlingl2@mapy.cz,Female,184.36.173.5
760,Ingar,Nealey,inealeyl3@twitter.com,Male,96.219.82.4
761,Judah,Ronald,jronaldl4@reverbnation.com,Male,122.126.93.89
762,Elnora,Pizer,epizerl5@clickbank.net,Female,107.194.235.226
763,Lisha,Spire,lspirel6@issuu.com,Female,150.124.251.22
764,Carleton,Mathevet,cmathevetl7@telegraph.co.uk,Male,49.1.145.23
765,Dave,Bickerdyke,dbickerdykel8@paginegialle.it,Male,224.53.70.86
766,Ailsun,Gregol,agregoll9@google.ca,Female,114.182.250.62
767,Guss,Jakeway,gjakewayla@macromedia.com,Male,9.199.89.235
768,Adolphe,Imbrey,aimbreylb@a8.net,Male,244.120.137.52
769,Erin,Melin,emelinlc@ihg.com,Male,63.111.104.166
770,Alistair,Aimer,aaimerld@who.int,Male,101.174.220.98
771,Britt,Pagan,bpaganle@google.fr,Female,25.175.67.217
772,Margalo,Grassot,mgrassotlf@macromedia.com,Female,3.198.205.162
773,Feliks,Sapir,fsapirlg@wordpress.com,Male,113.1.139.33
774,Shannah,Wallbanks,swallbankslh@shop-pro.jp,Female,200.209.45.137
775,Kevon,Fri,kfrili@canalblog.com,Male,95.79.193.129
776,Ranna,Lodder,rlodderlj@tinyurl.com,Female,152.92.186.85
777,Jonie,Melling,jmellinglk@prnewswire.com,Female,60.153.186.44
778,Kevon,Craythorn,kcraythornll@craigslist.org,Male,0.159.109.226
779,Osgood,Trusse,otrusselm@theatlantic.com,Male,93.16.149.119
780,Marlene,Barnwell,mbarnwellln@free.fr,Female,155.23.164.187
781,Ogdon,Trawin,otrawinlo@virginia.edu,Male,9.83.150.197
782,Denise,Marini,dmarinilp@engadget.com,Female,14.224.155.191
783,Loralee,Antoszczyk,lantoszczyklq@elpais.com,Female,94.100.69.94
784,Lance,Picheford,lpichefordlr@studiopress.com,Male,11.207.215.156
785,Burgess,Jepp,bjeppls@acquirethisname.com,Male,69.86.198.29
786,Lyndsie,Northwood,lnorthwoodlt@eepurl.com,Female,34.238.26.243
787,Hall,Bitterton,hbittertonlu@about.me,Male,7.106.110.31
788,Haslett,Stode,hstodelv@yolasite.com,Male,238.254.25.172
789,Joey,Thinn,jthinnlw@mlb.com,Female,134.137.118.204
790,Shelden,Huglin,shuglinlx@google.ca,Male,141.150.199.237
791,Quinlan,Penhallurick,qpenhallurickly@loc.gov,Male,94.25.48.143
792,Crawford,Fenech,cfenechlz@google.es,Male,174.81.226.78
793,Toinette,Bettenson,tbettensonm0@msn.com,Female,47.112.181.177
794,Bren,Jerzak,bjerzakm1@twitpic.com,Male,127.234.34.142
795,Marlene,Bigadike,mbigadikem2@zdnet.com,Female,222.231.174.179
796,Susi,Mackriell,smackriellm3@quantcast.com,Female,197.119.167.221
797,Sheila-kathryn,Alexsandrowicz,salexsandrowiczm4@google.pl,Female,227.200.184.204
798,Bondon,Arnow,barnowm5@ucsd.edu,Male,120.75.1.169
799,Selma,Gunther,sguntherm6@techcrunch.com,Female,30.138.8.72
800,Bing,Kliemke,bkliemkem7@altervista.org,Male,211.116.254.52
801,Sidnee,Jenicke,sjenickem8@lycos.com,Male,230.131.78.79
802,Bryon,Baldinotti,bbaldinottim9@hexun.com,Male,170.155.215.77
803,Angelika,Davidove,adavidovema@kickstarter.com,Female,135.124.31.201
804,Olimpia,Lavis,olavismb@newsvine.com,Female,85.54.178.24
805,Nonah,Pougher,npoughermc@geocities.com,Female,72.35.81.143
806,Jo-ann,Vasilechko,jvasilechkomd@gov.uk,Female,139.68.173.209
807,Jacky,Brittain,jbrittainme@amazon.de,Male,214.220.143.200
808,Hector,Vannar,hvannarmf@ycombinator.com,Male,230.60.16.135
809,Isador,Semon,isemonmg@berkeley.edu,Male,221.191.180.157
810,Alexis,Granger,agrangermh@howstuffworks.com,Female,115.204.97.209
811,Breena,Yushin,byushinmi@skype.com,Female,228.108.217.11
812,Bogart,Sherman,bshermanmj@paginegialle.it,Male,151.108.227.92
813,Krissy,Souza,ksouzamk@howstuffworks.com,Female,130.234.108.46
814,Theodore,Gercke,tgerckeml@timesonline.co.uk,Male,14.151.206.183
815,Mitchel,Powner,mpownermm@youtu.be,Male,91.60.106.17
816,Louisa,Rosenstock,lrosenstockmn@eepurl.com,Female,216.46.245.5
817,Celie,Udall,cudallmo@deviantart.com,Female,152.99.92.166
818,Gail,Berger,gbergermp@shareasale.com,Male,185.162.68.134
819,Josselyn,Wake,jwakemq@addthis.com,Female,67.67.2.164
820,Fee,McCarrick,fmccarrickmr@furl.net,Male,98.39.202.33
821,Valma,Hegg,vheggms@ask.com,Female,221.248.101.154
822,Sean,Winckworth,swinckworthmt@nifty.com,Female,3.91.141.105
823,Berget,Veall,bveallmu@liveinternet.ru,Female,229.240.227.120
824,Cookie,Jaze,cjazemv@examiner.com,Female,245.199.160.115
825,Nicky,Giddings,ngiddingsmw@gnu.org,Male,68.14.74.208
826,Zelma,Coppo,zcoppomx@tmall.com,Female,174.104.4.225
827,Perice,Faraker,pfarakermy@hugedomains.com,Male,223.22.203.32
828,Ryan,Braganca,rbragancamz@nyu.edu,Male,247.219.252.7
829,Mathew,Treske,mtresken0@howstuffworks.com,Male,89.16.33.231
830,Kalil,Gibben,kgibbenn1@behance.net,Male,221.199.89.131
831,Dael,Kirsz,dkirszn2@usatoday.com,Male,97.133.69.165
832,Aggie,Scotchmoor,ascotchmoorn3@whitehouse.gov,Female,75.116.24.24
833,Silvia,Piatek,spiatekn4@sina.com.cn,Female,170.6.118.225
834,Norman,Dellenbroker,ndellenbrokern5@bandcamp.com,Male,165.227.219.181
835,Hubert,Parmeter,hparmetern6@columbia.edu,Male,14.20.220.92
836,Glennis,Killshaw,gkillshawn7@businesswire.com,Female,15.77.36.229
837,Gerrard,Booth-Jarvis,gboothjarvisn8@pcworld.com,Male,20.166.201.22
838,Kelley,Body,kbodyn9@comsenz.com,Male,254.189.134.71
839,Tyson,Cranna,tcrannana@cornell.edu,Male,65.241.85.43
840,Sabra,Ferrolli,sferrollinb@miitbeian.gov.cn,Female,84.117.30.183
841,Brantley,Slainey,bslaineync@imageshack.us,Male,134.95.40.16
842,Mikael,Biermatowicz,mbiermatowicznd@ucla.edu,Male,49.213.191.131
843,Rivkah,Bromhead,rbromheadne@ezinearticles.com,Female,116.124.150.138
844,Gene,Winkworth,gwinkworthnf@arstechnica.com,Male,255.171.212.200
845,Nedi,Camous,ncamousng@jiathis.com,Female,10.78.86.211
846,Gal,Maycey,gmayceynh@flavors.me,Male,105.75.38.8
847,Tracey,Rotte,trotteni@cdc.gov,Female,232.50.162.147
848,Devonna,Zukerman,dzukermannj@imdb.com,Female,154.194.77.227
849,Lita,Lathwood,llathwoodnk@whitehouse.gov,Female,233.163.114.30
850,Broddy,Bilham,bbilhamnl@whitehouse.gov,Male,111.224.143.146
851,Rosamund,Matteo,rmatteonm@liveinternet.ru,Female,218.158.151.248
852,Tisha,Demongeot,tdemongeotnn@netvibes.com,Female,153.176.83.173
853,Berna,Tomblin,btomblinno@sphinn.com,Female,9.240.105.21
854,Duke,Dripp,ddrippnp@artisteer.com,Male,123.80.184.20
855,Ozzie,Favell,ofavellnq@google.pl,Male,235.37.168.251
856,Egor,Fladgate,efladgatenr@nps.gov,Male,14.249.98.189
857,Rhody,Bauer,rbauerns@smh.com.au,Female,249.4.106.19
858,Conn,Jefferson,cjeffersonnt@pinterest.com,Male,80.205.38.206
859,Warner,Chupin,wchupinnu@163.com,Male,88.16.87.76
860,Ingeborg,Van Giffen,ivangiffennv@examiner.com,Female,126.206.151.88
861,Elva,Nehl,enehlnw@pbs.org,Female,73.255.214.109
862,Currie,Grenter,cgrenternx@e-recht24.de,Male,197.97.29.204
863,Ernesta,Penylton,epenyltonny@live.com,Female,71.104.64.129
864,Rene,Gethen,rgethennz@seattletimes.com,Female,58.102.153.139
865,Debbi,Elcott,delcotto0@ihg.com,Female,58.101.68.26
866,Shurlock,Matuszinski,smatuszinskio1@unesco.org,Male,126.155.246.205
867,Briny,Cotterrill,bcotterrillo2@ow.ly,Female,244.35.10.250
868,Kenneth,Dradey,kdradeyo3@google.de,Male,179.232.232.144
869,Roz,Romayn,rromayno4@geocities.com,Female,112.155.154.72
870,Berry,Angeli,bangelio5@arstechnica.com,Female,32.33.190.104
871,Georgeanna,Farland,gfarlando6@canalblog.com,Female,54.102.173.192
872,Esther,Pidler,epidlero7@ebay.co.uk,Female,119.23.196.22
873,Cazzie,Longworth,clongwortho8@github.com,Male,45.156.193.40
874,Salmon,MacArthur,smacarthuro9@berkeley.edu,Male,131.226.73.224
875,Bernetta,Lawday,blawdayoa@oakley.com,Female,54.10.19.201
876,Garrick,McGirl,gmcgirlob@aboutads.info,Male,107.104.125.17
877,Wynne,Brim,wbrimoc@over-blog.com,Female,90.234.14.81
878,Abby,Rivalland,arivallandod@drupal.org,Male,199.205.207.238
879,Kasper,Gonin,kgoninoe@addtoany.com,Male,114.81.202.215
880,Bunni,Olfert,bolfertof@ucoz.com,Female,105.57.26.51
881,Ulrikaumeko,Rickertsen,urickertsenog@last.fm,Female,229.173.144.70
882,Starlin,Addeycott,saddeycottoh@facebook.com,Female,133.164.94.74
883,Loralee,Harradence,lharradenceoi@networksolutions.com,Female,91.126.22.170
884,Abe,Losel,aloseloj@google.de,Male,44.199.23.63
885,Towny,Waud,twaudok@xinhuanet.com,Male,64.228.18.218
886,Randene,Drews,rdrewsol@about.com,Female,247.233.165.152
887,Fredrika,Westley,fwestleyom@ihg.com,Female,5.82.229.186
888,Antony,Biddwell,abiddwellon@phpbb.com,Male,239.73.95.44
889,Lezley,Rasor,lrasoroo@jugem.jp,Male,247.60.25.43
890,Saundra,Heck,sheckop@time.com,Male,63.98.59.152
891,Ulrika,Hartlebury,uhartleburyoq@webmd.com,Female,20.97.114.194
892,Kenton,Lampaert,klampaertor@soup.io,Male,19.158.7.148
893,Aubree,Gavrieli,agavrielios@blog.com,Female,77.195.91.25
894,Elysee,Hayfield,ehayfieldot@kickstarter.com,Female,200.195.215.65
895,Danyette,Asty,dastyou@unblog.fr,Female,199.176.57.249
896,Isidore,Gardiner,igardinerov@wordpress.org,Male,24.119.104.119
897,Hillie,Turbitt,hturbittow@rakuten.co.jp,Male,178.22.136.168
898,Marika,Foucher,mfoucherox@chicagotribune.com,Female,28.90.146.168
899,Dorella,Cannicott,dcannicottoy@dedecms.com,Female,152.155.38.144
900,Jennee,Allington,jallingtonoz@smugmug.com,Female,232.203.172.36
901,Collie,Borzoni,cborzonip0@wp.com,Female,43.251.244.111
902,Allan,Adshad,aadshadp1@epa.gov,Male,96.20.171.195
903,Duane,Borth,dborthp2@amazon.co.uk,Male,153.51.23.155
904,Waldo,Tremathick,wtremathickp3@sourceforge.net,Male,162.138.80.103
905,Ludwig,Wickersley,lwickersleyp4@ycombinator.com,Male,154.57.1.90
906,Kameko,Kerslake,kkerslakep5@oracle.com,Female,180.55.198.15
907,Annabella,Gaitskell,agaitskellp6@goo.ne.jp,Female,69.82.199.194
908,Karlen,McColl,kmccollp7@engadget.com,Female,210.194.88.188
909,Sawyer,Kilmartin,skilmartinp8@shinystat.com,Male,227.229.47.63
910,Gabie,Hares,gharesp9@youtube.com,Male,137.221.65.161
911,Gaelan,Gouly,ggoulypa@nih.gov,Male,36.171.35.125
912,Sheelah,Klimowski,sklimowskipb@wp.com,Female,2.14.212.36
913,Bernhard,Oganian,boganianpc@washingtonpost.com,Male,58.145.156.4
914,Gert,Gittus,ggittuspd@friendfeed.com,Female,107.29.86.85
915,Brunhilde,Rylett,brylettpe@unesco.org,Female,165.31.143.228
916,Lindy,McElrea,lmcelreapf@zdnet.com,Male,63.231.85.16
917,Agustin,Brand,abrandpg@about.me,Male,239.46.19.176
918,Everett,Whisby,ewhisbyph@narod.ru,Male,102.164.233.100
919,Wallie,Winckles,wwincklespi@photobucket.com,Male,181.90.132.84
920,Alberik,Fedder,afedderpj@ft.com,Male,246.178.155.129
921,Kort,de Glanville,kdeglanvillepk@miitbeian.gov.cn,Male,224.223.45.225
922,Nada,Spatig,nspatigpl@home.pl,Female,123.194.6.175
923,Erastus,Cumberlidge,ecumberlidgepm@booking.com,Male,37.74.218.32
924,Evered,Mainds,emaindspn@bloglovin.com,Male,147.132.196.17
925,Cosetta,Colvie,ccolviepo@irs.gov,Female,24.235.0.97
926,Genia,Saket,gsaketpp@constantcontact.com,Female,233.168.93.92
927,Marmaduke,MacAirt,mmacairtpq@amazon.com,Male,78.212.136.19
928,Shannen,Somerville,ssomervillepr@nationalgeographic.com,Female,190.90.213.140
929,Waldemar,Putterill,wputterillps@skyrock.com,Male,200.138.165.126
930,Sharline,Ingerman,singermanpt@opensource.org,Female,89.49.195.49
931,Butch,Bloss,bblosspu@washington.edu,Male,251.108.209.164
932,Tabby,Dallaway,tdallawaypv@istockphoto.com,Male,146.144.74.115
933,Chris,Robarts,crobartspw@dmoz.org,Female,142.162.164.139
934,Ariadne,Inglesant,ainglesantpx@bloglovin.com,Female,126.140.228.204
935,Burnard,Abrashkin,babrashkinpy@etsy.com,Male,211.81.174.79
936,Dayna,Umbers,dumberspz@nba.com,Female,92.69.161.48
937,Martelle,Chevins,mchevinsq0@latimes.com,Female,179.97.185.37
938,Hilary,Bengle,hbengleq1@msu.edu,Male,46.155.102.121
939,Gussie,Turfes,gturfesq2@youku.com,Female,177.92.0.67
940,Gian,Sword,gswordq3@pagesperso-orange.fr,Male,146.14.110.223
941,Humfrey,Paffley,hpaffleyq4@rediff.com,Male,80.193.155.195
942,Ailey,Nuccitelli,anuccitelliq5@com.com,Female,114.145.91.45
943,Torrie,Idwal Evans,tidwalevansq6@wp.com,Female,110.58.200.118
944,Gill,O'Dogherty,godoghertyq7@youku.com,Male,251.119.124.21
945,Brynne,Gregory,bgregoryq8@privacy.gov.au,Female,44.239.226.156
946,Sylvan,Joyner,sjoynerq9@deliciousdays.com,Male,13.210.224.229
947,Nikita,Labbey,nlabbeyqa@meetup.com,Male,147.95.109.26
948,Freeland,Aubrun,faubrunqb@shutterfly.com,Male,81.84.21.199
949,Babette,Lebarree,blebarreeqc@studiopress.com,Female,83.189.230.237
950,Benedetta,Beynke,bbeynkeqd@microsoft.com,Female,185.246.194.171
951,Elinore,Jimson,ejimsonqe@mashable.com,Female,115.40.174.226
952,Frieda,Nowaczyk,fnowaczykqf@nps.gov,Female,153.48.83.0
953,Lock,Murgatroyd,lmurgatroydqg@amazonaws.com,Male,26.2.84.219
954,Marris,Dunphie,mdunphieqh@hp.com,Female,24.126.87.56
955,Karylin,Lipyeat,klipyeatqi@myspace.com,Female,145.128.36.210
956,Joli,Hastelow,jhastelowqj@google.fr,Female,174.125.93.34
957,Heddi,World,hworldqk@mail.ru,Female,8.23.84.118
958,Joya,Fairnie,jfairnieql@opera.com,Female,54.251.142.14
959,Lorens,Goodrum,lgoodrumqm@google.co.uk,Male,140.222.16.237
960,Derron,Ayllett,dayllettqn@jalbum.net,Male,210.206.55.33
961,Marys,Lubbock,mlubbockqo@opera.com,Female,226.185.23.208
962,Angie,Sarfass,asarfassqp@mashable.com,Male,200.96.13.229
963,Jacques,Thyer,jthyerqq@cam.ac.uk,Male,171.102.161.9
964,Bernita,Pacheco,bpachecoqr@paypal.com,Female,119.47.228.34
965,Montague,Ashdown,mashdownqs@meetup.com,Male,211.124.72.0
966,Silva,Lamburn,slamburnqt@jiathis.com,Female,240.195.152.91
967,Olivette,Didball,odidballqu@mit.edu,Female,156.142.162.116
968,Sileas,Whyffen,swhyffenqv@tinypic.com,Female,199.192.133.133
969,Gabriello,Beckinsale,gbeckinsaleqw@dropbox.com,Male,99.135.20.21
970,Vanya,Mercy,vmercyqx@webs.com,Female,146.23.158.169
971,Seline,Digle,sdigleqy@tinyurl.com,Female,83.52.228.150
972,Aurlie,Slyde,aslydeqz@netscape.com,Female,64.121.225.139
973,Lucia,Karmel,lkarmelr0@discuz.net,Female,10.29.228.199
974,Amargo,Whiteway,awhitewayr1@dot.gov,Female,49.213.14.135
975,Antonella,Gantley,agantleyr2@1und1.de,Female,81.193.73.152
976,Ninette,Fredi,nfredir3@amazon.com,Female,26.215.61.104
977,Amos,O'Callaghan,aocallaghanr4@nymag.com,Male,116.105.34.77
978,Sayre,McPolin,smcpolinr5@mysql.com,Male,115.94.218.107
979,Cyrus,Rikel,crikelr6@wikipedia.org,Male,51.205.138.177
980,Finn,Peidro,fpeidror7@clickbank.net,Male,38.142.75.235
981,Homer,Hirschmann,hhirschmannr8@arstechnica.com,Male,17.144.53.167
982,Marchall,Hansbury,mhansburyr9@cisco.com,Male,49.114.198.21
983,Kayley,Bollom,kbollomra@amazonaws.com,Female,6.153.97.35
984,Madelle,Ritchard,mritchardrb@g.co,Female,39.112.116.116
985,Carolann,Heinsius,cheinsiusrc@mysql.com,Female,65.128.102.249
986,Syman,Houchin,shouchinrd@guardian.co.uk,Male,184.44.163.106
987,Eloisa,Aymer,eaymerre@wisc.edu,Female,231.53.208.234
988,Tabbitha,Agett,tagettrf@free.fr,Female,114.86.2.217
989,Lennard,Plumptre,lplumptrerg@mashable.com,Male,224.63.120.153
990,Judah,Duesbury,jduesburyrh@icio.us,Male,26.129.158.74
991,Patrick,Seddon,pseddonri@ihg.com,Male,154.57.133.137
992,Othella,Growy,ogrowyrj@gizmodo.com,Female,219.68.127.152
993,Gayler,Hymans,ghymansrk@weebly.com,Male,66.226.219.86
994,Davis,Loosely,dlooselyrl@indiatimes.com,Male,187.128.205.199
995,Rosalyn,Chapelle,rchapellerm@cnn.com,Female,98.79.24.131
996,Gilles,Succamore,gsuccamorern@yolasite.com,Male,219.11.18.185
997,Frazer,Wavish,fwavishro@google.de,Male,3.104.32.87
998,Faith,Fanshaw,ffanshawrp@yale.edu,Female,166.32.236.13
999,Flora,Choat,fchoatrq@delicious.com,Female,15.138.126.93
1000,Leland,Springtorpe,lspringtorperr@youtu.be,Female,148.20.77.51
